nll-oracle,nll-test,EmbeddingSimilarity,
1,9.748027,6.2040553,-0.01333628610084755,
6,9.322839,5.8332977,-0.013267702795531121,
11,8.625962,5.5448127,-0.01539998616511036,
