nll-oracle,nll-test,EmbeddingSimilarity,
1,9.748027,6.2040553,-0.013467426652476466,
6,9.322839,5.8332977,-0.01340695196321644,
11,8.625962,5.5448127,-0.015792239722226285,
16,8.804271,5.429989,-0.014699458984606333,
